document_id,publication_date,document_type,title,local_path,source_url,retrieval_date,language,notes
rbi_20200327_monetary_policy_statement_seventh_bi_monthly_monetary_policy_statement_2019_20_resolution_235c05d3,2020-03-27,monetary_policy_statement,"Seventh Bi-monthly Monetary Policy Statement, 2019-20 Resolution of the Monetary Policy Committee (MPC) Reserve Bank of India",raw/rbi_20200327_monetary_policy_statement_seventh_bi_monthly_monetary_policy_statement_2019_20_resolution_235c05d3.txt,https://www.rbi.org.in/commonman/English/Scripts/PressReleases.aspx?Id=3191,2026-06-25,en,fetched_by=rbi_official_fetcher; source_channel=commonman_press_release_archive; extraction_method=html
rbi_20200413_mpc_minutes_minutes_of_the_monetary_policy_committee_meeting_march_24_26_and_a8b12d39,2020-04-13,mpc_minutes,"Minutes of the Monetary Policy Committee Meeting March 24, 26 and 27, 2020",raw/rbi_20200413_mpc_minutes_minutes_of_the_monetary_policy_committee_meeting_march_24_26_and_a8b12d39.txt,https://www.rbi.org.in/commonman/English/Scripts/PressReleases.aspx?Id=3202,2026-06-25,en,fetched_by=rbi_official_fetcher; source_channel=commonman_press_release_archive; extraction_method=html
rbi_20200522_monetary_policy_statement_monetary_policy_statement_2020_21_resolution_of_the_monetary_pol_96c826fa,2020-05-22,monetary_policy_statement,"Monetary Policy Statement, 2020-21: Resolution of the Monetary Policy Committee (MPC) May 20 to 22, 2020",raw/rbi_20200522_monetary_policy_statement_monetary_policy_statement_2020_21_resolution_of_the_monetary_pol_96c826fa.txt,https://www.rbi.org.in/commonman/English/Scripts/PressReleases.aspx?Id=3218,2026-06-25,en,fetched_by=rbi_official_fetcher; source_channel=commonman_press_release_archive; extraction_method=html
rbi_20200605_mpc_minutes_minutes_of_the_monetary_policy_committee_meeting_may_20_to_22_20_8c90a0ab,2020-06-05,mpc_minutes,"Minutes of the Monetary Policy Committee Meeting May 20 to 22, 2020",raw/rbi_20200605_mpc_minutes_minutes_of_the_monetary_policy_committee_meeting_may_20_to_22_20_8c90a0ab.txt,https://www.rbi.org.in/commonman/English/Scripts/PressReleases.aspx?Id=3220,2026-06-25,en,fetched_by=rbi_official_fetcher; source_channel=commonman_press_release_archive; extraction_method=html
rbi_20200806_monetary_policy_statement_monetary_policy_statement_2020_21_resolution_of_the_monetary_pol_647875f8,2020-08-06,monetary_policy_statement,"Monetary Policy Statement, 2020-21 Resolution of the Monetary Policy Committee (MPC) August 4 to 6, 2020",raw/rbi_20200806_monetary_policy_statement_monetary_policy_statement_2020_21_resolution_of_the_monetary_pol_647875f8.txt,https://www.rbi.org.in/commonman/English/Scripts/PressReleases.aspx?Id=3238,2026-06-25,en,fetched_by=rbi_official_fetcher; source_channel=commonman_press_release_archive; extraction_method=html
rbi_20200820_mpc_minutes_minutes_of_the_monetary_policy_committee_meeting_august_4_to_6_2_82119a09,2020-08-20,mpc_minutes,"Minutes of the Monetary Policy Committee Meeting August 4 to 6, 2020",raw/rbi_20200820_mpc_minutes_minutes_of_the_monetary_policy_committee_meeting_august_4_to_6_2_82119a09.txt,https://www.rbi.org.in/commonman/English/Scripts/PressReleases.aspx?Id=3249,2026-06-25,en,fetched_by=rbi_official_fetcher; source_channel=commonman_press_release_archive; extraction_method=html
rbi_20201009_monetary_policy_statement_monetary_policy_statement_2020_21_resolution_of_the_monetary_pol_63abbf25,2020-10-09,monetary_policy_statement,"Monetary Policy Statement, 2020-21 Resolution of the Monetary Policy Committee (MPC) October 7-9, 2020",raw/rbi_20201009_monetary_policy_statement_monetary_policy_statement_2020_21_resolution_of_the_monetary_pol_63abbf25.txt,https://www.rbi.org.in/commonman/English/Scripts/PressReleases.aspx?Id=3255,2026-06-25,en,fetched_by=rbi_official_fetcher; source_channel=commonman_press_release_archive; extraction_method=html
rbi_20201023_mpc_minutes_minutes_of_the_monetary_policy_committee_meeting_october_7_to_9_5f121c98,2020-10-23,mpc_minutes,"Minutes of the Monetary Policy Committee Meeting October 7 to 9, 2020",raw/rbi_20201023_mpc_minutes_minutes_of_the_monetary_policy_committee_meeting_october_7_to_9_5f121c98.txt,https://www.rbi.org.in/commonman/English/Scripts/PressReleases.aspx?Id=3277,2026-06-25,en,fetched_by=rbi_official_fetcher; source_channel=commonman_press_release_archive; extraction_method=html
rbi_20201204_monetary_policy_statement_monetary_policy_statement_2020_21_resolution_of_the_monetary_pol_4f65c536,2020-12-04,monetary_policy_statement,"Monetary Policy Statement, 2020-21 Resolution of the Monetary Policy Committee (MPC) December 2-4, 2020",raw/rbi_20201204_monetary_policy_statement_monetary_policy_statement_2020_21_resolution_of_the_monetary_pol_4f65c536.txt,https://www.rbi.org.in/commonman/English/Scripts/PressReleases.aspx?Id=3273,2026-06-25,en,fetched_by=rbi_official_fetcher; source_channel=commonman_press_release_archive; extraction_method=html
rbi_20201218_mpc_minutes_minutes_of_the_monetary_policy_committee_meeting_december_2_to_4_5ca48c34,2020-12-18,mpc_minutes,"Minutes of the Monetary Policy Committee Meeting December 2 to 4, 2020",raw/rbi_20201218_mpc_minutes_minutes_of_the_monetary_policy_committee_meeting_december_2_to_4_5ca48c34.txt,https://www.rbi.org.in/commonman/English/Scripts/PressReleases.aspx?Id=3272,2026-06-25,en,fetched_by=rbi_official_fetcher; source_channel=commonman_press_release_archive; extraction_method=html
rbi_20210407_monetary_policy_statement_resolution_of_the_monetary_policy_committee_mpc_april_5_7_2021_6aed2062,2021-04-07,monetary_policy_statement,"Resolution of the Monetary Policy Committee (MPC) April 5-7, 2021",raw/rbi_20210407_monetary_policy_statement_resolution_of_the_monetary_policy_committee_mpc_april_5_7_2021_6aed2062.txt,https://www.rbi.org.in/commonman/English/Scripts/PressReleases.aspx?Id=3288,2026-06-25,en,fetched_by=rbi_official_fetcher; source_channel=commonman_press_release_archive; extraction_method=html
rbi_20210422_mpc_minutes_minutes_of_the_monetary_policy_committee_meeting_april_5_7_2021_19e00a72,2021-04-22,mpc_minutes,"Minutes of the Monetary Policy Committee Meeting, April 5-7, 2021",raw/rbi_20210422_mpc_minutes_minutes_of_the_monetary_policy_committee_meeting_april_5_7_2021_19e00a72.txt,https://www.rbi.org.in/commonman/English/Scripts/PressReleases.aspx?Id=3294,2026-06-25,en,fetched_by=rbi_official_fetcher; source_channel=commonman_press_release_archive; extraction_method=html
rbi_20210604_monetary_policy_statement_monetary_policy_statement_2021_22_resolution_of_the_monetary_pol_9273099e,2021-06-04,monetary_policy_statement,"Monetary Policy Statement, 2021-22 Resolution of the Monetary Policy Committee (MPC) June 2-4, 2021",raw/rbi_20210604_monetary_policy_statement_monetary_policy_statement_2021_22_resolution_of_the_monetary_pol_9273099e.txt,https://www.rbi.org.in/commonman/English/Scripts/PressReleases.aspx?Id=3309,2026-06-25,en,fetched_by=rbi_official_fetcher; source_channel=commonman_press_release_archive; extraction_method=html
rbi_20210618_mpc_minutes_minutes_of_the_monetary_policy_committee_meeting_june_2_to_4_202_e308e795,2021-06-18,mpc_minutes,"Minutes of the Monetary Policy Committee Meeting, June 2 to 4, 2021",raw/rbi_20210618_mpc_minutes_minutes_of_the_monetary_policy_committee_meeting_june_2_to_4_202_e308e795.txt,https://www.rbi.org.in/commonman/English/Scripts/PressReleases.aspx?Id=3320,2026-06-25,en,fetched_by=rbi_official_fetcher; source_channel=commonman_press_release_archive; extraction_method=html
rbi_20210806_monetary_policy_statement_monetary_policy_statement_2021_22_resolution_of_the_monetary_pol_baae4ac5,2021-08-06,monetary_policy_statement,"Monetary Policy Statement, 2021-22 Resolution of the Monetary Policy Committee (MPC) August 4-6, 2021",raw/rbi_20210806_monetary_policy_statement_monetary_policy_statement_2021_22_resolution_of_the_monetary_pol_baae4ac5.txt,https://www.rbi.org.in/commonman/English/Scripts/PressReleases.aspx?Id=3326,2026-06-25,en,fetched_by=rbi_official_fetcher; source_channel=commonman_press_release_archive; extraction_method=html
rbi_20210820_mpc_minutes_minutes_of_the_monetary_policy_committee_meeting_august_4_to_6_2_2fe3ce9a,2021-08-20,mpc_minutes,"Minutes of the Monetary Policy Committee Meeting, August 4 to 6, 2021",raw/rbi_20210820_mpc_minutes_minutes_of_the_monetary_policy_committee_meeting_august_4_to_6_2_2fe3ce9a.txt,https://www.rbi.org.in/commonman/English/Scripts/PressReleases.aspx?Id=3329,2026-06-25,en,fetched_by=rbi_official_fetcher; source_channel=commonman_press_release_archive; extraction_method=html
rbi_20211008_monetary_policy_statement_monetary_policy_statement_2021_22_resolution_of_the_monetary_pol_3ca87523,2021-10-08,monetary_policy_statement,"Monetary Policy Statement, 2021-22 Resolution of the Monetary Policy Committee (MPC) October 6-8, 2021",raw/rbi_20211008_monetary_policy_statement_monetary_policy_statement_2021_22_resolution_of_the_monetary_pol_3ca87523.txt,https://www.rbi.org.in/commonman/English/Scripts/PressReleases.aspx?Id=3332,2026-06-25,en,fetched_by=rbi_official_fetcher; source_channel=commonman_press_release_archive; extraction_method=html
rbi_20211022_mpc_minutes_minutes_of_the_monetary_policy_committee_meeting_october_6_to_8_6e93cc78,2021-10-22,mpc_minutes,"Minutes of the Monetary Policy Committee Meeting, October 6 to 8, 2021",raw/rbi_20211022_mpc_minutes_minutes_of_the_monetary_policy_committee_meeting_october_6_to_8_6e93cc78.txt,https://www.rbi.org.in/commonman/English/Scripts/PressReleases.aspx?Id=3334,2026-06-25,en,fetched_by=rbi_official_fetcher; source_channel=commonman_press_release_archive; extraction_method=html
rbi_20211208_monetary_policy_statement_monetary_policy_statement_2021_22_resolution_of_the_monetary_pol_802cb61c,2021-12-08,monetary_policy_statement,"Monetary Policy Statement, 2021-22 Resolution of the Monetary Policy Committee (MPC) December 6-8, 2021",raw/rbi_20211208_monetary_policy_statement_monetary_policy_statement_2021_22_resolution_of_the_monetary_pol_802cb61c.txt,https://www.rbi.org.in/commonman/English/Scripts/PressReleases.aspx?Id=3345,2026-06-25,en,fetched_by=rbi_official_fetcher; source_channel=commonman_press_release_archive; extraction_method=html
rbi_20211222_mpc_minutes_minutes_of_the_monetary_policy_committee_meeting_december_6_to_8_13a4902c,2021-12-22,mpc_minutes,"Minutes of the Monetary Policy Committee Meeting, December 6 to 8, 2021",raw/rbi_20211222_mpc_minutes_minutes_of_the_monetary_policy_committee_meeting_december_6_to_8_13a4902c.txt,https://www.rbi.org.in/commonman/English/Scripts/PressReleases.aspx?Id=3346,2026-06-25,en,fetched_by=rbi_official_fetcher; source_channel=commonman_press_release_archive; extraction_method=html
rbi_20220422_mpc_minutes_minutes_of_the_monetary_policy_committee_meeting_april_6_to_8_20_934949ed,2022-04-22,mpc_minutes,"Minutes of the Monetary Policy Committee Meeting, April 6 to 8, 2022",raw/rbi_20220422_mpc_minutes_minutes_of_the_monetary_policy_committee_meeting_april_6_to_8_20_934949ed.txt,https://www.rbi.org.in/commonman/English/Scripts/PressReleases.aspx?Id=3353,2026-06-25,en,fetched_by=rbi_official_fetcher; source_channel=commonman_press_release_archive; extraction_method=html
rbi_20220504_monetary_policy_statement_monetary_policy_statement_2022_23_resolution_of_the_monetary_pol_c2ea6c8f,2022-05-04,monetary_policy_statement,"Monetary Policy Statement, 2022-23 Resolution of the Monetary Policy Committee (MPC) May 2 and 4, 2022",raw/rbi_20220504_monetary_policy_statement_monetary_policy_statement_2022_23_resolution_of_the_monetary_pol_c2ea6c8f.txt,https://www.rbi.org.in/commonman/English/Scripts/PressReleases.aspx?Id=3356,2026-06-25,en,fetched_by=rbi_official_fetcher; source_channel=commonman_press_release_archive; extraction_method=html
rbi_20220518_mpc_minutes_minutes_of_the_monetary_policy_committee_meeting_may_2_and_4_202_6684ab1c,2022-05-18,mpc_minutes,"Minutes of the Monetary Policy Committee Meeting, May 2 and 4, 2022",raw/rbi_20220518_mpc_minutes_minutes_of_the_monetary_policy_committee_meeting_may_2_and_4_202_6684ab1c.txt,https://www.rbi.org.in/commonman/English/Scripts/PressReleases.aspx?Id=3358,2026-06-25,en,fetched_by=rbi_official_fetcher; source_channel=commonman_press_release_archive; extraction_method=html
rbi_20220608_monetary_policy_statement_monetary_policy_statement_2022_23_resolution_of_the_monetary_pol_36c21da4,2022-06-08,monetary_policy_statement,"Monetary Policy Statement, 2022-23 Resolution of the Monetary Policy Committee (MPC) June 6-8, 2022",raw/rbi_20220608_monetary_policy_statement_monetary_policy_statement_2022_23_resolution_of_the_monetary_pol_36c21da4.txt,https://www.rbi.org.in/commonman/English/Scripts/PressReleases.aspx?Id=3362,2026-06-25,en,fetched_by=rbi_official_fetcher; source_channel=commonman_press_release_archive; extraction_method=html
rbi_20220622_mpc_minutes_minutes_of_the_monetary_policy_committee_meeting_june_6_to_8_202_4fd68f6b,2022-06-22,mpc_minutes,"Minutes of the Monetary Policy Committee Meeting, June 6 to 8, 2022",raw/rbi_20220622_mpc_minutes_minutes_of_the_monetary_policy_committee_meeting_june_6_to_8_202_4fd68f6b.txt,https://www.rbi.org.in/commonman/English/Scripts/PressReleases.aspx?Id=3364,2026-06-25,en,fetched_by=rbi_official_fetcher; source_channel=commonman_press_release_archive; extraction_method=html
rbi_20260501_governor_speech_indian_financial_markets_resilience_and_resurgence_keynote_addre_876538ad,2026-05-01,governor_speech,"Indian Financial Markets – Resilience and Resurgence - Keynote Address by Shri Sanjay Malhotra, Governor, Reserve Bank of India at the 25th FIMMDA-PDAI Annual Conference, May 1, 2026, Amsterdam -",raw/rbi_20260501_governor_speech_indian_financial_markets_resilience_and_resurgence_keynote_addre_876538ad.txt,https://www.rbi.org.in/scripts/BS_SpeechesView.aspx?id=1555,2026-06-25,en,fetched_by=rbi_official_fetcher; source_channel=speeches; extraction_method=html
rbi_20260504_governor_speech_learning_judgement_and_public_purpose_lessons_from_banking_12th_35add657,2026-05-04,governor_speech,"Learning, Judgement and Public Purpose – Lessons from Banking - 12th G. Ramachandran Memorial Lecture, delivered by Shri Swaminathan J, Deputy Governor, Reserve Bank of India, on April 30, 2026, at the Madras School of Economics, Chennai -",raw/rbi_20260504_governor_speech_learning_judgement_and_public_purpose_lessons_from_banking_12th_35add657.txt,https://www.rbi.org.in/scripts/BS_SpeechesView.aspx?id=1556,2026-06-25,en,fetched_by=rbi_official_fetcher; source_channel=speeches; extraction_method=html
rbi_20260505_governor_speech_inflation_targeting_in_india_the_past_the_present_and_the_future_18162f1b,2026-05-05,governor_speech,"Inflation Targeting in India: The Past, The Present and The Future - Speech by Dr. Poonam Gupta, Deputy Governor, Reserve Bank of India delivered at Joint Seminar and Discussion - ‘India’s Inflation Targeting Framework’ and ‘Regional Economic Outlook for Asia and Pacific’, NCAER, New Delhi on May 5, 2026 -",raw/rbi_20260505_governor_speech_inflation_targeting_in_india_the_past_the_present_and_the_future_18162f1b.txt,https://www.rbi.org.in/scripts/BS_SpeechesView.aspx?id=1557,2026-06-25,en,fetched_by=rbi_official_fetcher; source_channel=speeches; extraction_method=html
rbi_20260511_financial_stability_report_prosperous_states_for_a_prosperous_india_speech_by_dr_poonam_gup_5df3446d,2026-05-11,financial_stability_report,"Prosperous States for a Prosperous India - Speech by Dr. Poonam Gupta, Deputy Governor, Reserve Bank of India, delivered at the ‘Columbia Indian Economy Summit 2026’ at the Raj Centre on Indian Economic Policy at Columbia University on April 11, 2026 -",raw/rbi_20260511_financial_stability_report_prosperous_states_for_a_prosperous_india_speech_by_dr_poonam_gup_5df3446d.txt,https://www.rbi.org.in/scripts/BS_SpeechesView.aspx?id=1558,2026-06-25,en,fetched_by=rbi_official_fetcher; source_channel=speeches; extraction_method=html
rbi_20260518_governor_speech_transcript_of_the_intervention_by_shri_sanjay_malhotra_governor_dc9027c4,2026-05-18,governor_speech,"Transcript of the intervention by Shri Sanjay Malhotra, Governor, Reserve Bank of India during a panel discussion titled “Monetary Policy in a Time of Heightened Uncertainty” jointly organized by the Swiss National Bank (SNB) and the International Monetary Fund (IMF) on May 12, 2026, as part of the 12th High-Level Conference on the International Monetary System -",raw/rbi_20260518_governor_speech_transcript_of_the_intervention_by_shri_sanjay_malhotra_governor_dc9027c4.txt,https://www.rbi.org.in/scripts/BS_SpeechesView.aspx?id=1559,2026-06-25,en,fetched_by=rbi_official_fetcher; source_channel=speeches; extraction_method=html
rbi_20260603_governor_speech_resilience_by_design_lessons_from_india_s_banking_sector_speech_0aaf2df2,2026-06-03,governor_speech,"Resilience by Design: Lessons from India’s Banking Sector - Speech by Shri Swaminathan J, Deputy Governor, Reserve Bank of India, on June 1, 2026, at the School of International and Public Affairs (SIPA), Columbia University -",raw/rbi_20260603_governor_speech_resilience_by_design_lessons_from_india_s_banking_sector_speech_0aaf2df2.txt,https://www.rbi.org.in/scripts/BS_SpeechesView.aspx?id=1561,2026-06-25,en,fetched_by=rbi_official_fetcher; source_channel=speeches; extraction_method=html
rbi_20260609_monetary_policy_statement_edited_transcript_of_the_reserve_bank_of_india_s_post_monetary_p_0561e5b3,2026-06-09,monetary_policy_statement,"Edited Transcript of the Reserve Bank of India’s Post-Monetary Policy Press Conference: June 5, 2026 (Friday) -",raw/rbi_20260609_monetary_policy_statement_edited_transcript_of_the_reserve_bank_of_india_s_post_monetary_p_0561e5b3.txt,https://www.rbi.org.in/scripts/BS_SpeechesView.aspx?id=1562,2026-06-25,en,fetched_by=rbi_official_fetcher; source_channel=speeches; extraction_method=html
rbi_20260622_governor_speech_remarks_of_the_governor_on_the_inauguration_of_week_long_celebra_cc858e37,2026-06-22,governor_speech,"Remarks of the Governor on the Inauguration of Week-long celebration of International MSME Day 2026 <br>Kochi, Kerala, June 22, 2026 -",raw/rbi_20260622_governor_speech_remarks_of_the_governor_on_the_inauguration_of_week_long_celebra_cc858e37.txt,https://www.rbi.org.in/scripts/BS_SpeechesView.aspx?id=1563,2026-06-25,en,fetched_by=rbi_official_fetcher; source_channel=speeches; extraction_method=html
rbi_20260624_press_release_money_market_operations_as_on_june_23_2026_e5f6204f,2026-06-24,press_release,"Money Market Operations as on June 23, 2026",raw/rbi_20260624_press_release_money_market_operations_as_on_june_23_2026_e5f6204f.txt,https://www.rbi.org.in/scripts/BS_PressReleaseDisplay.aspx?prid=63002,2026-06-24,en,fetched_by=rbi_official_fetcher; source_channel=press_releases; extraction_method=html
