document_id,publication_date,title,document_type,source,language,local_path,source_url,file_path,resolved_path,url,text,load_status,error,manifest_order,corpus_type
rbi_mpc_20220210,2022-02-10,Synthetic MPC Minutes February 2022,mpc_minutes,Synthetic RBI-style fixture,en,sample_mpc_minutes_20220210.txt,,sample_mpc_minutes_20220210.txt,D:\PGDBA\MyNotes\SEM-3\Part-1\FRM\Project\adaptive-portfolio-risk-analytics\data\sentiment\rbi_documents\sample_mpc_minutes_20220210.txt,,"Synthetic research fixture — not an RBI quotation.

Members noted that inflationary pressure remained elevated and upside risks could persist. Price stability was considered necessary for durable growth. The committee stated that policy will remain data dependent as external conditions evolve. Some members observed that earlier supply disruptions had increased uncertainty.",loaded,,0,synthetic_fixture
rbi_policy_20220805,2022-08-05,Synthetic Monetary Policy Statement August 2022,monetary_policy_statement,Synthetic RBI-style fixture,en,sample_policy_statement_20220805.txt,,sample_policy_statement_20220805.txt,D:\PGDBA\MyNotes\SEM-3\Part-1\FRM\Project\adaptive-portfolio-risk-analytics\data\sentiment\rbi_documents\sample_policy_statement_20220805.txt,,"Synthetic research fixture — not an RBI quotation.

The committee observed that disinflation was becoming visible while domestic demand remained uneven. Liquidity support may be calibrated to support growth without weakening price stability. Going forward, the policy stance will respond to the inflation outlook and incoming data. The current balance of risks was assessed as broadly neutral.",loaded,,1,synthetic_fixture
rbi_mpc_20240405,2024-04-05,Synthetic MPC Minutes April 2024,mpc_minutes,Synthetic RBI-style fixture,en,sample_mpc_minutes_20240405.txt,,sample_mpc_minutes_20240405.txt,D:\PGDBA\MyNotes\SEM-3\Part-1\FRM\Project\adaptive-portfolio-risk-analytics\data\sentiment\rbi_documents\sample_mpc_minutes_20240405.txt,,"Synthetic research fixture — not an RBI quotation.

Persistent inflation and renewed upside risk were judged to require vigilance. Members agreed that withdrawal of accommodation remains necessary until price stability is secured. The future path could change if food-price uncertainty broadens. Earlier easing expectations had declined as inflation increased.",loaded,,2,synthetic_fixture
rbi_policy_20260501,2026-05-01,Synthetic Monetary Policy Statement May 2026,monetary_policy_statement,Synthetic RBI-style fixture,en,sample_policy_statement_20260501.txt,,sample_policy_statement_20260501.txt,D:\PGDBA\MyNotes\SEM-3\Part-1\FRM\Project\adaptive-portfolio-risk-analytics\data\sentiment\rbi_documents\sample_policy_statement_20260501.txt,,"Synthetic research fixture — not an RBI quotation.

Benign inflation and weaker demand created room for calibrated easing. The committee stated that liquidity support will help support growth while preserving stability. The outlook is expected to improve, although external uncertainty may remain. Current policy is accommodative and future action will be data dependent.",loaded,,3,synthetic_fixture
