timestamp,source,title,text,ticker,url
2022-01-07 10:00:00,Synthetic Research Feed,Markets assess growth outlook,Investors review growth conditions after a stable opening,,
2022-02-14 11:30:00,Synthetic Research Feed,Inflation shock raises caution,An inflation shock and possible rate hike increase risk concerns,,
2022-03-08 09:45:00,Synthetic Research Feed,Volatility spike pressures equities,A volatility spike and selloff weigh on broad market sentiment,,
2022-04-18 14:00:00,Synthetic Research Feed,Banking stress prompts defensive positioning,Banking stress and liquidity concerns keep investors cautious,,
2022-06-13 12:15:00,Synthetic Research Feed,Market selloff deepens drawdown,A broad selloff extends the market drawdown,,
2022-08-22 10:30:00,Synthetic Research Feed,Stabilization follows volatile quarter,Stabilization signals appear after an extended volatility spike,,
2022-10-10 13:20:00,Synthetic Research Feed,Recovery hopes support risk appetite,Recovery expectations and improving momentum support markets,,
2022-12-19 15:00:00,Synthetic Research Feed,Rate hike concerns remain,Investors remain cautious about another rate hike,,
2023-01-16 10:10:00,Synthetic Research Feed,Strong earnings improve outlook,Strong earnings and an upgrade support risk appetite,,
2023-03-06 11:00:00,Synthetic Research Feed,Market rally gains momentum,A broad rally and positive momentum lift major sectors,,
2023-05-15 09:35:00,Synthetic Research Feed,Soft landing expectations strengthen,Soft landing expectations and growth resilience improve sentiment,,
2023-07-24 13:45:00,Synthetic Research Feed,Record high follows earnings upgrades,Strong earnings and upgrades push the market toward a record high,,
2023-09-11 10:20:00,Synthetic Research Feed,Profit taking leaves sentiment neutral,Markets consolidate after recent gains with mixed sector performance,,
2023-11-20 14:10:00,Synthetic Research Feed,Liquidity support aids recovery,Liquidity support and easing expectations reinforce the recovery,,
2024-01-08 10:05:00,Synthetic Research Feed,Growth and rally support risk-on tone,Growth expectations and a market rally improve the outlook,,
2024-03-12 11:40:00,Synthetic Research Feed,Weak earnings trigger downgrade cycle,Weak earnings and analyst downgrades pressure several sectors,,
2024-04-15 12:30:00,Synthetic Research Feed,Panic selling drives volatility spike,Panic and a volatility spike cause a sharp selloff,,
2024-05-27 09:50:00,Synthetic Research Feed,Stabilization emerges after drawdown,Stabilization and recovery signs appear after the recent drawdown,,
2024-07-08 15:05:00,Synthetic Research Feed,Rate cut expectations support rally,Rate cut and easing expectations support a renewed rally,,
2024-09-16 10:25:00,Synthetic Research Feed,Market pauses near recent highs,Investors balance supportive growth with valuation concerns,,
2024-11-04 13:15:00,Synthetic Research Feed,Strong earnings sustain bullish momentum,Strong earnings and bullish momentum support broad participation,,
2025-01-13 09:55:00,Synthetic Research Feed,Recovery broadens across sectors,Recovery and improving growth support market breadth,,
2025-03-17 12:05:00,Synthetic Research Feed,Rate hike fears return,Rate hike expectations and inflation shock concerns pressure sentiment,,
2025-04-21 14:20:00,Synthetic Research Feed,Liquidity crisis fears hit lenders,Liquidity crisis concerns and banking stress trigger a selloff,,
2025-06-09 10:35:00,Synthetic Research Feed,Policy easing supports stabilization,Easing and liquidity support help market stabilization,,
2025-08-18 11:15:00,Synthetic Research Feed,Upgrade cycle improves momentum,Upgrades and positive momentum support a market rally,,
2025-10-06 13:40:00,Synthetic Research Feed,Recession concerns weaken outlook,Recession risk and weak earnings increase caution,,
2025-12-15 10:45:00,Synthetic Research Feed,Soft landing narrative returns,Soft landing expectations and recovery signals improve risk appetite,,
2026-02-09 09:40:00,Synthetic Research Feed,Strong earnings support record high,Strong earnings and bullish momentum support a record high,,
2026-04-13 12:10:00,Synthetic Research Feed,Volatility spike follows downgrade,A downgrade and volatility spike pressure market confidence,,
2026-05-25 14:05:00,Synthetic Research Feed,Stabilization follows brief selloff,Stabilization and liquidity support follow a short selloff,,
2026-06-17 10:00:00,Synthetic Research Feed,Growth outlook remains balanced,Markets weigh growth momentum against mixed sector signals,,
