date,source,ticker,url,text
02-01-2024,news,HDFCBANK.NS,https://news.example.com/hdfc-earnings,Bank earnings show strong growth momentum and easing credit costs
02-01-2024,rbi,MARKET,https://rbi.example.com/policy,RBI maintains cautious stance amid inflation pressure and liquidity concerns
03-01-2024,news,INFY.NS,https://news.example.com/it-sector,IT services demand remains stable with growth expected in coming quarters
03-01-2024,earnings,RELIANCE.NS,https://earnings.example.com/ril,Energy sector shows growth with improving margins and strong global demand
04-01-2024,news,MARKET,https://news.example.com/market-stress,Market stress emerges following weak economic data and downgrade risks
05-01-2024,analysis,ICICIBANK.NS,https://analysis.example.com/banking,Banking sector faces headwinds from stress in credit quality
08-01-2024,news,MARKET,https://news.example.com/rbi-policy,RBI policy commentary supports growth outlook amid persistent uncertainty
09-01-2024,news,TCS.NS,https://news.example.com/it-results,IT leader shows strong profit growth and revenue expansion
10-01-2024,analysis,MARKET,https://analysis.example.com/gdp,GDP growth prospects improve as inflation pressures ease
11-01-2024,news,INFOEDGE.NS,https://news.example.com/startup,Startup ecosystem shows resilience despite economic uncertainty
12-01-2024,rbi,MARKET,https://rbi.example.com/bulletin,RBI highlights risks in global financial system but maintains confidence
15-01-2024,news,HDFCBANK.NS,https://news.example.com/q3-results,HDFC Bank Q3 results exceed expectations with strong deposit growth
16-01-2024,earnings,BHARATIAIRTEL.NS,https://earnings.example.com/airtel,Airtel demonstrates growth in subscriber additions and ARPU
17-01-2024,news,MARKET,https://news.example.com/market-gains,Markets rally on positive sentiment and dovish policy signals
18-01-2024,analysis,RELIANCE.NS,https://analysis.example.com/oil-demand,Oil demand outlook improves with economic recovery
19-01-2024,news,WIPRO.NS,https://news.example.com/wipro-guidance,Wipro raises guidance citing strong deal momentum
22-01-2024,news,MARKET,https://news.example.com/volatility-surge,Market volatility spikes on inflation surprise
23-01-2024,rbi,MARKET,https://rbi.example.com/rate-decision,RBI maintains rates unchanged citing inflation concern
24-01-2024,news,SBIN.NS,https://news.example.com/sbi-stress,SBI faces stress from rising non-performing assets
25-01-2024,earnings,COALINDIA.NS,https://earnings.example.com/coal,Coal India shows steady growth in production and sales
26-01-2024,analysis,MARKET,https://analysis.example.com/rate-outlook,Rate cut expectations decline amid persistent inflation
29-01-2024,news,JSWSTEEL.NS,https://news.example.com/steel-rally,Steel sector rallies on strong global demand recovery
30-01-2024,earnings,ULTRACEMCO.NS,https://earnings.example.com/cement,Ultratech shows growth momentum in cement demand
31-01-2024,news,MARKET,https://news.example.com/quarter-end,Quarter-end rally driven by strong corporate earnings
01-02-2024,analysis,HDFC.NS,https://analysis.example.com/housing,Housing finance sector shows resilience despite rate concerns
02-02-2024,news,CIPLA.NS,https://news.example.com/pharma-growth,Pharmaceutical sector shows growth potential in emerging markets
05-02-2024,rbi,MARKET,https://rbi.example.com/growth-forecast,RBI upgrades growth forecast citing recovery momentum
06-02-2024,news,MARUTI.NS,https://news.example.com/auto-demand,Automobile demand shows seasonal strength in new year
07-02-2024,earnings,HINDUNILVR.NS,https://earnings.example.com/fmcg,HUL shows growth in urban and rural markets
08-02-2024,news,MARKET,https://news.example.com/inflation-easing,Inflation shows signs of easing on commodity prices
09-02-2024,analysis,ICRA,https://analysis.example.com/credit-outlook,Credit outlook remains stable with declining default risks
12-02-2024,news,SUNPHARMA.NS,https://news.example.com/drug-approval,Sun Pharma receives positive FDA approval
13-02-2024,earnings,KOTAKBANK.NS,https://earnings.example.com/kotak,Kotak Bank shows strong profitability growth
14-02-2024,news,MARKET,https://news.example.com/valentine-rally,Markets maintain uptrend on positive global sentiment
15-02-2024,analysis,TECHM.NS,https://analysis.example.com/tech-resilience,Tech stocks show resilience amid global uncertainties
16-02-2024,rbi,MARKET,https://rbi.example.com/npa-decline,RBI reports declining NPA trends across banking sector
19-02-2024,news,LT.NS,https://news.example.com/infrastructure,Infrastructure stocks surge on government investment push
20-02-2024,earnings,ANIL.NS,https://earnings.example.com/aniruddha,Aniruddha shows growth in revenue and margins
21-02-2024,news,MARKET,https://news.example.com/quarter-outlook,Q4 earnings outlook appears strong across sectors
22-02-2024,analysis,NIFTY50,https://analysis.example.com/index,Nifty 50 poised for further gains on solid fundamentals
